<?xml version="1.0" encoding="utf-8"?>
<employee><emp employee_id="1"><employee_name>anusha</employee_name><dob>20/04/1999</dob><dept>computer</dept><join_date>20/04/2017</join_date></emp><emp employee_id="2"><employee_name>apeksha</employee_name><dob>28/05/1999</dob><dept>accounts</dept><join_date>28/05/2017</join_date></emp><emp employee_id="5"><employee_name>bhoomika</employee_name><dob>22/03/1999</dob><dept>ces</dept><join_date>12</join_date></emp><emp employee_id="7"><employee_name>charitha</employee_name><dob>18/12/1999</dob><dept>electrical</dept><join_date>18/12/2019</join_date></emp></employee>
