<?xml version="1.0" encoding="utf-8"?>
<supplier><sup supplier_id="1"><supplier_name>jaya</supplier_name><s_city>bengaluru</s_city><dept>mechanical</dept><material_name>iron</material_name><cost_per_unit>10000</cost_per_unit><no_of_units>10</no_of_units><status>delivered</status></sup><sup supplier_id="2"><supplier_name>bhoomika</supplier_name><s_city>dharwad</s_city><dept>stores</dept><material_name>wheel</material_name><cost_per_unit>32000</cost_per_unit><no_of_units>32</no_of_units><status>pending</status></sup><sup supplier_id="3"><supplier_name>karishma</supplier_name><s_city>davangere</s_city><dept>commercial</dept><material_name>bricks</material_name><cost_per_unit>100</cost_per_unit><no_of_units>90290</no_of_units><status>not delivered</status></sup><sup supplier_id="7"><supplier_name>karishma</supplier_name><s_city>davangere</s_city><dept>ces</dept><material_name>bricks</material_name><cost_per_unit>100</cost_per_unit><no_of_units>90290</no_of_units><status>not delivered</status></sup></supplier>
